FEGR,NAME,TYPE,SLABFLAG,SCRFLAG,SPLITFLAG,H1,GMPE1,H2,GMPE2,H3,GMPE3,GMPE_WARNING
1, CENTRAL ALASKA,220,-,0,0,35,ACRsh,999,SZIntra,-,-,-
2, SOUTHERN ALASKA,33,c,0,1,15,SZInter,70,SZInter,999,SZIntra,-
3, BERING SEA,220,-,0,0,35,ACRsh,999,SZIntra,-,-,-
4, KOMANDORSKY ISLANDS REGION,30,c,0,0,15,SZInter,70,SZInter,999,SZIntra,-
5," NEAR ISLANDS, ALEUTIAN ISLANDS",30,c,0,0,15,SZInter,70,SZInter,999,SZIntra,-
6," RAT ISLANDS, ALEUTIAN ISLANDS",30,a,0,0,15,SZInter,70,SZInter,999,SZIntra,-
7," ANDREANOF ISLANDS, ALEUTIAN IS.",30,a,0,0,15,SZInter,70,SZInter,999,SZIntra,-
8," PRIBILOF ISLANDS, ALASKA REGION",220,-,0,0,35,ACRsh,999,SZIntra,-,-,-
9," FOX ISLANDS, ALEUTIAN ISLANDS",30,a,0,0,15,SZInter,70,SZInter,999,SZIntra,-
10," UNIMAK ISLAND REGION, ALASKA",30,a,0,0,15,SZInter,70,SZInter,999,SZIntra,-
11, BRISTOL BAY,220,-,0,0,35,ACRsh,999,SZIntra,-,-,-
12, ALASKA PENINSULA,33,a,0,0,15,SZInter,70,SZInter,999,SZIntra,-
13," KODIAK ISLAND REGION, ALASKA",30,a,0,0,15,SZInter,70,SZInter,999,SZIntra,-
14," KENAI PENINSULA, ALASKA",33,a,0,0,15,SZInter,70,SZInter,999,SZIntra,-
15, GULF OF ALASKA,30,c,0,1,15,SZInter,70,SZInter,999,SZIntra,-
16, SOUTH OF ALEUTIAN ISLANDS,30,a,0,0,15,SZInter,70,SZInter,999,SZIntra,-
17, SOUTH OF ALASKA,30,a,0,0,15,SZInter,70,SZInter,999,SZIntra,-
18," SOUTHERN YUKON TERRITORY, CANADA",20,-,0,0,35,ACRsh,-,WARNING,-,-,ACRsh
19, SOUTHEASTERN ALASKA,20,-,0,0,35,ACRsh,-,WARNING,-,-,ACRsh
20, OFF COAST OF SOUTHEASTERN ALASKA,20,-,0,0,35,ACRsh,-,WARNING,-,-,ACRsh
21, WEST OF VANCOUVER ISLAND,40,-,0,1,40,SOR,-,WARNING,-,-,SOR
22, QUEEN CHARLOTTE ISLANDS REGION,23,-,0,1,55,OBR,-,WARNING,-,-,OBR
23," BRITISH COLUMBIA, CANADA",220,-,1,0,35,ACRsh,999,SZIntra,-,-,-
24,"ALBERTA, CANADA",10,-,0,0,50,SCR,-,WARNING,-,-,SCR
25," VANCOUVER ISLAND, CANADA REGION",30,c,0,1,15,SZInter,70,SZInter,999,SZIntra,-
26, OFF COAST OF WASHINGTON,30,c,0,1,15,SZInter,70,SZInter,999,SZIntra,-
27, NEAR COAST OF WASHINGTON,33,c,0,0,15,SZInter,70,SZInter,999,SZIntra,-
28, WASHINGTON-OREGON BORDER REGION,33,c,0,0,15,SZInter,70,SZInter,999,SZIntra,-
29, WASHINGTON,33,c,0,0,15,SZInter,70,SZInter,999,SZIntra,-
30, OFF COAST OF OREGON,30,c,0,1,15,SZInter,70,SZInter,999,SZIntra,-
31, NEAR COAST OF OREGON,33,c,0,0,15,SZInter,70,SZInter,999,SZIntra,-
32, OREGON,33,c,0,0,15,SZInter,70,SZInter,999,SZIntra,-
33, WESTERN IDAHO,20,-,0,0,35,ACRsh,-,WARNING,-,-,ACRsh
34, OFF COAST OF NORTHERN CALIFORNIA,30,c,0,1,15,SZInter,70,SZInter,999,SZIntra,-
35, NEAR COAST OF NORTHERN CALIF.,30,c,0,1,15,SZInter,70,SZInter,999,SZIntra,-
36, NORTHERN CALIFORNIA,33,c,0,1,15,SZInter,70,SZInter,999,SZIntra,-
37, NEVADA,20,-,0,0,35,ACRsh,-,WARNING,-,-,ACRsh
38, OFF COAST OF CALIFORNIA,40,-,0,0,40,SOR,-,WARNING,-,-,SOR
39, CENTRAL CALIFORNIA,20,-,0,0,35,ACRsh,-,WARNING,-,-,ACRsh
40, CALIFORNIA-NEVADA BORDER REGION,20,-,0,0,35,ACRsh,-,WARNING,-,-,ACRsh
41, SOUTHERN NEVADA,20,-,0,0,35,ACRsh,-,WARNING,-,-,ACRsh
42, WESTERN ARIZONA,20,-,0,0,35,ACRsh,-,WARNING,-,-,ACRsh
43, SOUTHERN CALIFORNIA,20,-,0,0,35,ACRsh,-,WARNING,-,-,ACRsh
44, CALIFORNIA-ARIZONA BORDER REGION,20,-,0,0,35,ACRsh,-,WARNING,-,-,ACRsh
45, CALIF.-BAJA CALIF. BORDER REGION,20,-,0,0,35,ACRsh,-,WARNING,-,-,ACRsh
46, W. ARIZONA-SONORA BORDER REGION,20,-,0,0,35,ACRsh,-,WARNING,-,-,ACRsh
47, OFF W. COAST OF BAJA CALIFORNIA,40,-,0,0,40,SOR,-,WARNING,-,-,SOR
48," BAJA CALIFORNIA, MEXICO",20,-,0,1,35,ACRsh,-,WARNING,-,-,ACRsh
49, GULF OF CALIFORNIA,23,-,0,1,55,OBR,-,WARNING,-,-,OBR
50," SONORA, MEXICO",20,-,0,0,35,ACRsh,-,WARNING,-,-,ACRsh
51, OFF COAST OF CENTRAL MEXICO,30,c,0,1,15,SZInter,70,SZInter,999,SZIntra,-
52, NEAR COAST OF CENTRAL MEXICO,30,c,0,0,15,SZInter,70,SZInter,999,SZIntra,-
53, REVILLA GIGEDO ISLANDS REGION,23,-,0,1,55,OBR,-,WARNING,-,-,OBR
54," OFF COAST OF JALISCO, MEXICO",30,c,0,1,15,SZInter,70,SZInter,999,SZIntra,-
55," NEAR COAST OF JALISCO, MEXICO",30,c,0,0,15,SZInter,70,SZInter,999,SZIntra,-
56," NEAR COAST OF MICHOACAN, MEXICO",30,a,0,0,15,SZInter,70,SZInter,999,SZIntra,-
57," MICHOACAN, MEXICO",33,a,0,0,15,SZInter,70,SZInter,999,SZIntra,-
58," NEAR COAST OF GUERRERO, MEXICO",30,a,0,0,15,SZInter,70,SZInter,999,SZIntra,-
59," GUERRERO, MEXICO",33,a,0,0,15,SZInter,70,SZInter,999,SZIntra,-
60," OAXACA, MEXICO",33,a,0,0,15,SZInter,70,SZInter,999,SZIntra,-
61," CHIAPAS, MEXICO",34,-,0,0,35,ACRsh,50,ACRde,999,SZIntra,-
62, MEXICO-GUATEMALA BORDER REGION,33,a,1,0,15,SZInter,70,SZInter,999,SZIntra,-
63, OFF COAST OF MEXICO,40,-,0,0,40,SOR,-,WARNING,-,-,SOR
64," OFF COAST OF MICHOACAN, MEXICO",23,-,0,0,55,OBR,-,WARNING,-,-,OBR
65," OFF COAST OF GUERRERO, MEXICO",30,a,0,0,15,SZInter,70,SZInter,999,SZIntra,-
66," NEAR COAST OF OAXACA, MEXICO",30,a,0,0,15,SZInter,70,SZInter,999,SZIntra,-
67," OFF COAST OF OAXACA, MEXICO",30,a,0,0,15,SZInter,70,SZInter,999,SZIntra,-
68," OFF COAST OF CHIAPAS, MEXICO",30,a,0,0,15,SZInter,70,SZInter,999,SZIntra,-
69," NEAR COAST OF CHIAPAS, MEXICO",30,a,0,0,15,SZInter,70,SZInter,999,SZIntra,-
70, GUATEMALA,33,a,0,0,15,SZInter,70,SZInter,999,SZIntra,-
71, NEAR COAST OF GUATEMALA,30,a,0,0,15,SZInter,70,SZInter,999,SZIntra,-
730, NORTHERN EAST PACFIC RISE,23,-,0,0,55,OBR,-,WARNING,-,-,OBR
72, HONDURAS,220,-,0,0,35,ACRsh,999,SZIntra,-,-,-
73, EL SALVADOR,33,a,0,0,15,SZInter,70,SZInter,999,SZIntra,-
74, NEAR COAST OF NICARAGUA,30,a,0,0,15,SZInter,70,SZInter,999,SZIntra,-
75, NICARAGUA,33,a,0,0,15,SZInter,70,SZInter,999,SZIntra,-
76, OFF COAST OF CENTRAL AMERICA,30,a,0,1,15,SZInter,70,SZInter,999,SZIntra,-
77, OFF COAST OF COSTA RICA,30,c,0,1,15,SZInter,70,SZInter,999,SZIntra,-
78, COSTA RICA,30,c,0,1,15,SZInter,70,SZInter,999,SZIntra,-
79, NORTH OF PANAMA,30,c,0,0,15,SZInter,70,SZInter,999,SZIntra,-
80, PANAMA-COSTA RICA BORDER REGION,33,c,0,0,15,SZInter,70,SZInter,999,SZIntra,-
81, PANAMA,30,c,0,0,15,SZInter,70,SZInter,999,SZIntra,-
82, PANAMA-COLOMBIA BORDER REGION,33,c,0,0,15,SZInter,70,SZInter,999,SZIntra,-
83, SOUTH OF PANAMA,30,c,0,1,15,SZInter,70,SZInter,999,SZIntra,-
84," YUCATAN PENINSULA, MEXICO",10,-,0,0,50,SCR,-,WARNING,-,-,SCR
85, CUBA REGION,21,-,0,0,35,ACRsh,85,ACRde,-,WARNING,ACRde
86, JAMAICA REGION,20,-,0,0,35,ACRsh,-,WARNING,-,-,ACRsh
87, HAITI REGION,21,-,0,0,35,ACRsh,85,ACRde,-,WARNING,ACRde
88, DOMINICAN REPUBLIC REGION,30,c,0,0,15,SZInter,70,SZInter,999,SZIntra,-
89, MONA PASSAGE,30,c,0,0,15,SZInter,70,SZInter,999,SZIntra,-
90, PUERTO RICO REGION,30,c,0,0,15,SZInter,70,SZInter,999,SZIntra,-
91, VIRGIN ISLANDS,30,c,0,0,15,SZInter,70,SZInter,999,SZIntra,-
92, LEEWARD ISLANDS,30,c,0,0,15,SZInter,70,SZInter,999,SZIntra,-
93, BELIZE,20,-,1,0,35,ACRsh,-,WARNING,-,-,ACRsh
94, CARIBBEAN SEA,30,c,0,0,15,SZInter,70,SZInter,999,SZIntra,-
95, WINDWARD ISLANDS,33,c,0,0,15,SZInter,70,SZInter,999,SZIntra,-
96, NEAR NORTH COAST OF COLOMBIA,30,c,0,0,15,SZInter,70,SZInter,999,SZIntra,-
97, NEAR COAST OF VENEZUELA,30,c,0,1,15,SZInter,70,SZInter,999,SZIntra,-
98, TRINIDAD,33,c,0,0,15,SZInter,70,SZInter,999,SZIntra,-
99, NORTHERN COLOMBIA,33,c,0,0,15,SZInter,70,SZInter,999,SZIntra,-
100," LAKE MARACAIBO, VENEZUELA",221,-,0,0,35,ACRsh,85,ACRde,999,SZIntra,-
101, VENEZUELA,221,-,2,0,35,ACRsh,85,ACRde,999,SZIntra,-
731, NORTH OF HONDURAS,23,-,0,0,55,OBR,-,WARNING,-,-,OBR
102, NEAR WEST COAST OF COLOMBIA,30,c,0,0,15,SZInter,70,SZInter,999,SZIntra,-
103, COLOMBIA,33,c,2,0,15,SZInter,70,SZInter,999,SZIntra,-
104, OFF COAST OF ECUADOR,30,a,0,1,15,SZInter,70,SZInter,999,SZIntra,-
105, NEAR COAST OF ECUADOR,30,a,0,0,15,SZInter,70,SZInter,999,SZIntra,-
106, COLOMBIA-ECUADOR BORDER REGION,33,a,0,0,15,SZInter,70,SZInter,999,SZIntra,-
107, ECUADOR,33,a,0,0,15,SZInter,70,SZInter,999,SZIntra,-
108, OFF COAST OF NORTHERN PERU,30,a,0,0,15,SZInter,70,SZInter,999,SZIntra,-
109, NEAR COAST OF NORTHERN PERU,30,a,0,0,15,SZInter,70,SZInter,999,SZIntra,-
110, PERU-ECUADOR BORDER REGION,33,a,2,0,15,SZInter,70,SZInter,999,SZIntra,-
111, NORTHERN PERU,33,a,2,0,15,SZInter,70,SZInter,999,SZIntra,-
112, PERU-BRAZIL BORDER REGION,221,-,2,0,35,ACRsh,85,ACRde,999,SZIntra,-
113, WESTERN BRAZIL,12,-,0,0,50,SCR,999,SZIntra,-,-,-
114, OFF COAST OF PERU,30,a,0,0,15,SZInter,70,SZInter,999,SZIntra,-
115, NEAR COAST OF PERU,30,a,0,0,15,SZInter,70,SZInter,999,SZIntra,-
116, CENTRAL PERU,33,a,0,0,15,SZInter,70,SZInter,999,SZIntra,-
117, SOUTHERN PERU,33,a,0,0,15,SZInter,70,SZInter,999,SZIntra,-
118, PERU-BOLIVIA BORDER REGION,221,-,2,0,35,ACRsh,85,ACRde,999,SZIntra,-
119, NORTHERN BOLIVIA,12,-,0,0,50,SCR,999,SZIntra,-,-,-
120, CENTRAL BOLIVIA,221,-,2,0,35,ACRsh,85,ACRde,999,SZIntra,-
121, OFF COAST OF NORTHERN CHILE,30,a,0,0,15,SZInter,70,SZInter,999,SZIntra,-
122, NEAR COAST OF NORTHERN CHILE,30,a,0,0,15,SZInter,70,SZInter,999,SZIntra,-
123, NORTHERN CHILE,33,a,0,0,15,SZInter,70,SZInter,999,SZIntra,-
124, CHILE-BOLIVIA BORDER REGION,221,-,0,0,35,ACRsh,85,ACRde,999,SZIntra,-
125, SOUTHERN BOLIVIA,221,-,2,0,35,ACRsh,85,ACRde,999,SZIntra,-
126, PARAGUAY,12,-,0,0,50,SCR,999,SZIntra,-,-,-
127, CHILE-ARGENTINA BORDER REGION,33,a,0,0,15,SZInter,70,SZInter,999,SZIntra,-
128," JUJUY PROVINCE, ARGENTINA",221,-,0,0,35,ACRsh,85,ACRde,999,SZIntra,-
129," SALTA PROVINCE, ARGENTINA",221,-,2,0,35,ACRsh,85,ACRde,999,SZIntra,-
130," CATAMARCA PROVINCE, ARGENTINA",221,-,0,0,35,ACRsh,85,ACRde,999,SZIntra,-
131," TUCUMAN PROVINCE, ARGENTINA",221,-,2,0,35,ACRsh,85,ACRde,999,SZIntra,-
132," SANTIAGO DEL ESTERO PROV., ARG.",220,-,2,0,35,ACRsh,999,SZIntra,-,-,-
133, NORTHEASTERN ARGENTINA,10,-,0,0,50,SCR,-,WARNING,-,-,SCR
134, OFF COAST OF CENTRAL CHILE,30,a,0,0,15,SZInter,70,SZInter,999,SZIntra,-
135, NEAR COAST OF CENTRAL CHILE,30,a,0,0,15,SZInter,70,SZInter,999,SZIntra,-
136, CENTRAL CHILE,33,a,0,0,15,SZInter,70,SZInter,999,SZIntra,-
137," SAN JUAN PROVINCE, ARGENTINA",221,-,0,0,35,ACRsh,85,ACRde,999,SZIntra,-
138," LA RIOJA PROVINCE, ARGENTINA",221,-,0,0,35,ACRsh,85,ACRde,999,SZIntra,-
139," MENDOZA PROVINCE, ARGENTINA",221,-,2,0,35,ACRsh,85,ACRde,999,SZIntra,-
140," SAN LUIS PROVINCE, ARGENTINA",220,-,1,0,35,ACRsh,999,SZIntra,-,-,-
141," CORDOBA PROVINCE, ARGENTINA",220,-,2,0,35,ACRsh,999,SZIntra,-,-,-
142, URUGUAY,10,-,0,0,50,SCR,-,WARNING,-,-,SCR
143, OFF COAST OF SOUTHERN CHILE,30,c,0,1,15,SZInter,70,SZInter,999,SZIntra,-
144, SOUTHERN CHILE,30,c,0,0,15,SZInter,70,SZInter,999,SZIntra,-
145, S. CHILE-ARGENTINA BORDER REGION,34,-,0,0,35,ACRsh,50,ACRde,999,SZIntra,-
146, SOUTHERN ARGENTINA,220,-,2,0,35,ACRsh,999,SZIntra,-,-,-
147, TIERRA DEL FUEGO,20,-,0,0,35,ACRsh,-,WARNING,-,-,ACRsh
148, FALKLAND ISLANDS REGION,23,-,1,0,55,OBR,-,WARNING,-,-,OBR
149, DRAKE PASSAGE,30,c,0,1,15,SZInter,70,SZInter,999,SZIntra,-
150, SCOTIA SEA,23,-,0,0,55,OBR,-,WARNING,-,-,OBR
151, SOUTH GEORGIA ISLAND REGION,23,-,0,0,55,OBR,-,WARNING,-,-,OBR
152, SOUTH GEORGIA RISE,40,-,0,0,40,SOR,-,WARNING,-,-,SOR
153, SOUTH SANDWICH ISLANDS REGION,30,c,0,1,15,SZInter,70,SZInter,999,SZIntra,-
154, SOUTH SHETLAND ISLANDS,30,c,0,1,15,SZInter,70,SZInter,999,SZIntra,-
155, ANTARCTIC PENINSULA,20,-,0,0,35,ACRsh,-,WARNING,-,-,ACRsh
156, SOUTHWESTERN ATLANTIC OCEAN,40,-,0,0,40,SOR,-,WARNING,-,-,SOR
157, WEDDELL SEA,40,-,0,0,40,SOR,-,WARNING,-,-,SOR
732, EAST OF SOUTH SANDWICH ISLANDS,23,-,0,0,55,OBR,-,WARNING,-,-,OBR
158," OFF W. COAST OF N. ISLAND, N.Z.",220,-,0,0,35,ACRsh,999,SZIntra,-,-,-
159," NORTH ISLAND, NEW ZEALAND",33,c,0,0,15,SZInter,70,SZInter,999,SZIntra,-
160," OFF E. COAST OF N. ISLAND, N.Z.",30,c,0,0,15,SZInter,70,SZInter,999,SZIntra,-
161," OFF W. COAST OF S. ISLAND, N.Z.",30,c,0,1,15,SZInter,70,SZInter,999,SZIntra,-
162," SOUTH ISLAND, NEW ZEALAND",30,c,0,1,15,SZInter,70,SZInter,999,SZIntra,-
163," COOK STRAIT, NEW ZEALAND",33,c,0,0,15,SZInter,70,SZInter,999,SZIntra,-
164," OFF E. COAST OF S. ISLAND, N.Z.",20,-,0,0,35,ACRsh,-,WARNING,-,-,ACRsh
165, NORTH OF MACQUARIE ISLAND,23,-,0,0,55,OBR,-,WARNING,-,-,OBR
166," AUCKLAND ISLANDS, N.Z. REGION",30,c,0,1,15,SZInter,70,SZInter,999,SZIntra,-
167, MACQUARIE ISLAND REGION,23,-,0,0,55,OBR,-,WARNING,-,-,OBR
168, SOUTH OF NEW ZEALAND,40,-,0,0,40,SOR,-,WARNING,-,-,SOR
169, SAMOA ISLANDS REGION,30,c,0,1,15,SZInter,70,SZInter,999,SZIntra,-
170, SAMOA ISLANDS,30,a,0,1,15,SZInter,70,SZInter,999,SZIntra,-
171, SOUTH OF FIJI ISLANDS,33,a,0,0,15,SZInter,70,SZInter,999,SZIntra,-
173, TONGA ISLANDS,30,a,0,1,15,SZInter,70,SZInter,999,SZIntra,-
174, TONGA ISLANDS REGION,30,a,0,0,15,SZInter,70,SZInter,999,SZIntra,-
175, SOUTH OF TONGA ISLANDS,30,a,0,0,15,SZInter,70,SZInter,999,SZIntra,-
176, NORTH OF NEW ZEALAND,42,-,0,0,40,SOR,999,SZIntra,-,-,-
177, KERMADEC ISLANDS REGION,30,a,0,0,15,SZInter,70,SZInter,999,SZIntra,-
178," KERMADEC ISLANDS, NEW ZEALAND",33,a,0,0,15,SZInter,70,SZInter,999,SZIntra,-
179, SOUTH OF KERMADEC ISLANDS,30,a,0,0,15,SZInter,70,SZInter,999,SZIntra,-
180, NORTH OF FIJI ISLANDS,40,-,0,0,40,SOR,-,WARNING,-,-,SOR
181, FIJI ISLANDS REGION,223,-,0,0,55,OBR,999,SZIntra,-,-,-
182, FIJI ISLANDS,223,-,0,0,55,OBR,999,SZIntra,-,-,-
183, SANTA CRUZ ISLANDS REGION,30,c,0,1,15,SZInter,70,SZInter,999,SZIntra,-
184, SANTA CRUZ ISLANDS,30,c,0,0,15,SZInter,70,SZInter,999,SZIntra,-
185, VANUATU ISLANDS REGION,30,a,0,1,15,SZInter,70,SZInter,999,SZIntra,-
186, VANUATU ISLANDS,30,a,0,0,15,SZInter,70,SZInter,999,SZIntra,-
187, NEW CALEDONIA,31,-,0,0,65,SZOuter,999,SZIntra,-,-,-
188, LOYALTY ISLANDS,30,a,0,0,15,SZInter,70,SZInter,999,SZIntra,-
189, SOUTHEAST OF LOYALTY ISLANDS,30,c,0,1,15,SZInter,70,SZInter,999,SZIntra,-
190," NEW IRELAND REGION, P.N.G.",223,c,0,1,55,OBR,999,SZIntra,-,-,-
191, NORTH OF SOLOMON ISLANDS,42,-,0,0,40,SOR,999,SZIntra,-,-,-
192," NEW BRITAIN REGION, P.N.G.",30,c,0,0,15,SZInter,70,SZInter,999,SZIntra,-
193, SOLOMON ISLANDS,30,c,0,1,15,SZInter,70,SZInter,999,SZIntra,-
194, D'ENTRECASTEAUX ISLANDS REGION,30,c,0,1,15,SZInter,70,SZInter,999,SZIntra,-
195, SOUTH OF SOLOMON ISLANDS,31,-,0,0,65,SZOuter,999,SZIntra,-,-,-
196," IRIAN JAYA REGION, INDONESIA",30,c,0,1,15,SZInter,70,SZInter,999,SZIntra,-
197, NEAR NORTH COAST OF IRIAN JAYA,30,c,0,0,15,SZInter,70,SZInter,999,SZIntra,-
198," NINIGO ISLANDS REGION, P.N.G.",31,-,0,0,65,SZOuter,999,SZIntra,-,-,-
199," ADMIRALTY ISLANDS REGION, P.N.G.",23,-,0,0,55,OBR,-,WARNING,-,-,OBR
200," NEAR N COAST OF NEW GUINEA, PNG.",30,c,0,1,15,SZInter,70,SZInter,999,SZIntra,-
201," IRIAN JAYA, INDONESIA",33,c,2,0,15,SZInter,70,SZInter,999,SZIntra,-
202," NEW GUINEA, PAPUA NEW GUINEA",33,c,2,1,15,SZInter,70,SZInter,999,SZIntra,-
203, BISMARCK SEA,223,-,0,0,55,OBR,999,SZIntra,-,-,-
204," ARU ISLANDS REGION, INDONESIA",30,c,0,0,15,SZInter,70,SZInter,999,SZIntra,-
205, NEAR SOUTH COAST OF IRIAN JAYA,12,-,0,0,50,SCR,999,SZIntra,-,-,-
206," NEAR S COAST OF NEW GUINEA, PNG.",220,-,1,0,35,ACRsh,999,SZIntra,-,-,-
207," EASTERN NEW GUINEA REG., P.N.G.",30,c,0,0,15,SZInter,70,SZInter,999,SZIntra,-
208, ARAFURA SEA,10,-,0,0,50,SCR,-,WARNING,-,-,SCR
209," W. CAROLINE ISLANDS, MICRONESIA",30,c,0,1,15,SZInter,70,SZInter,999,SZIntra,-
210, SOUTH OF MARIANA ISLANDS,30,c,0,0,15,SZInter,70,SZInter,999,SZIntra,-
211," SOUTHEAST OF HONSHU, JAPAN",30,a,0,0,15,SZInter,70,SZInter,999,SZIntra,-
212," BONIN ISLANDS, JAPAN REGION",30,a,0,0,15,SZInter,70,SZInter,999,SZIntra,-
213," VOLCANO ISLANDS, JAPAN REGION",30,a,0,0,15,SZInter,70,SZInter,999,SZIntra,-
214, WEST OF MARIANA ISLANDS,40,-,0,0,40,SOR,-,WARNING,-,-,SOR
215, MARIANA ISLANDS REGION,30,a,0,0,15,SZInter,70,SZInter,999,SZIntra,-
216, MARIANA ISLANDS,33,a,0,0,15,SZInter,70,SZInter,999,SZIntra,-
217," KAMCHATKA PENINSULA, RUSSIA",30,c,0,0,15,SZInter,70,SZInter,999,SZIntra,-
218, NEAR EAST COAST OF KAMCHATKA,33,c,0,0,15,SZInter,70,SZInter,999,SZIntra,-
219, OFF EAST COAST OF KAMCHATKA,30,c,0,0,15,SZInter,70,SZInter,999,SZIntra,-
220, NORTHWEST OF KURIL ISLANDS,34,-,0,0,35,ACRsh,50,ACRde,999,SZIntra,-
221, KURIL ISLANDS,30,a,0,0,15,SZInter,70,SZInter,999,SZIntra,-
222, EAST OF KURIL ISLANDS,30,a,0,0,15,SZInter,70,SZInter,999,SZIntra,-
223, EASTERN SEA OF JAPAN,223,-,0,0,55,OBR,999,SZIntra,-,-,-
224," HOKKAIDO, JAPAN REGION",30,a,0,0,15,SZInter,70,SZInter,999,SZIntra,-
225," OFF COAST OF HOKKAIDO, JAPAN",30,a,0,0,15,SZInter,70,SZInter,999,SZIntra,-
226," NEAR WEST COAST OF HONSHU, JAPAN",34,-,0,0,35,ACRsh,50,ACRde,999,SZIntra,-
227," EASTERN HONSHU, JAPAN",33,c,0,0,15,SZInter,70,SZInter,999,SZIntra,-
228," NEAR EAST COAST OF HONSHU, JAPAN",33,c,0,0,15,SZInter,70,SZInter,999,SZIntra,-
229," OFF EAST COAST OF HONSHU, JAPAN",30,c,0,0,15,SZInter,70,SZInter,999,SZIntra,-
230," NEAR S. COAST OF HONSHU, JAPAN",30,c,0,1,15,SZInter,70,SZInter,999,SZIntra,-
231, SOUTH KOREA,20,-,0,0,35,ACRsh,-,WARNING,-,-,ACRsh
232," WESTERN HONSHU, JAPAN",33,a,0,0,15,SZInter,70,SZInter,999,SZIntra,-
233, NEAR S. COAST OF WESTERN HONSHU,33,a,0,0,15,SZInter,70,SZInter,999,SZIntra,-
234, NORTHWEST OF RYUKYU ISLANDS,220,-,0,0,35,ACRsh,999,SZIntra,-,-,-
235," KYUSHU, JAPAN",30,a,0,0,15,SZInter,70,SZInter,999,SZIntra,-
236," SHIKOKU, JAPAN",30,a,0,0,15,SZInter,70,SZInter,999,SZIntra,-
237," SOUTHEAST OF SHIKOKU, JAPAN",30,a,0,0,15,SZInter,70,SZInter,999,SZIntra,-
238," RYUKYU ISLANDS, JAPAN",30,a,0,0,15,SZInter,70,SZInter,999,SZIntra,-
239, SOUTHEAST OF RYUKYU ISLANDS,30,a,0,0,15,SZInter,70,SZInter,999,SZIntra,-
240, WEST OF BONIN ISLANDS,42,-,0,0,40,SOR,999,SZIntra,-,-,-
241, PHILIPPINE SEA,40,-,0,0,40,SOR,-,WARNING,-,-,SOR
242, NEAR COAST OF SOUTHEASTERN CHINA,20,-,0,0,35,ACRsh,-,WARNING,-,-,ACRsh
243, TAIWAN REGION,30,c,0,1,15,SZInter,70,SZInter,999,SZIntra,-
244, TAIWAN,33,c,0,0,15,SZInter,70,SZInter,999,SZIntra,-
245, NORTHEAST OF TAIWAN,34,-,0,0,35,ACRsh,50,ACRde,999,SZIntra,-
246," SOUTHWESTERN RYUKYU ISL., JAPAN",30,a,0,0,15,SZInter,70,SZInter,999,SZIntra,-
247, SOUTHEAST OF TAIWAN,31,-,0,0,65,SZOuter,999,SZIntra,-,-,-
248, PHILIPPINE ISLANDS REGION,30,c,0,0,15,SZInter,70,SZInter,999,SZIntra,-
249," LUZON, PHILIPPINES",30,c,0,0,15,SZInter,70,SZInter,999,SZIntra,-
250," MINDORO, PHILIPPINES",30,c,0,0,15,SZInter,70,SZInter,999,SZIntra,-
251," SAMAR, PHILIPPINES",30,a,0,0,15,SZInter,70,SZInter,999,SZIntra,-
252," PALAWAN, PHILIPPINES",20,-,0,0,35,ACRsh,-,WARNING,-,-,ACRsh
253, SULU SEA,30,c,0,0,15,SZInter,70,SZInter,999,SZIntra,-
254," PANAY, PHILIPPINES",30,c,0,0,15,SZInter,70,SZInter,999,SZIntra,-
255," CEBU, PHILIPPINES",34,-,0,0,35,ACRsh,50,ACRde,999,SZIntra,-
256," LEYTE, PHILIPPINES",33,a,0,0,15,SZInter,70,SZInter,999,SZIntra,-
257," NEGROS, PHILIPPINES",30,c,0,0,15,SZInter,70,SZInter,999,SZIntra,-
258," SULU ARCHIPELAGO, PHILIPPINES",21,-,0,0,35,ACRsh,85,ACRde,-,WARNING,ACRde
259," MINDANAO, PHILIPPINES",30,c,0,0,15,SZInter,70,SZInter,999,SZIntra,-
260, EAST OF PHILIPPINE ISLANDS,31,-,0,0,65,SZOuter,999,SZIntra,-,-,-
261, BORNEO,21,-,0,0,35,ACRsh,85,ACRde,-,WARNING,ACRde
262, CELEBES SEA,30,c,0,0,15,SZInter,70,SZInter,999,SZIntra,-
263," TALAUD ISLANDS, INDONESIA",30,c,0,0,15,SZInter,70,SZInter,999,SZIntra,-
264," NORTH OF HALMAHERA, INDONESIA",30,c,0,0,15,SZInter,70,SZInter,999,SZIntra,-
265," MINAHASSA PENINSULA, SULAWESI",30,c,0,0,15,SZInter,70,SZInter,999,SZIntra,-
266, NORTHERN MOLUCCA SEA,30,c,0,0,15,SZInter,70,SZInter,999,SZIntra,-
267," HALMAHERA, INDONESIA",30,c,0,0,15,SZInter,70,SZInter,999,SZIntra,-
268," SULAWESI, INDONESIA",30,c,0,0,15,SZInter,70,SZInter,999,SZIntra,-
269, SOUTHERN MOLUCCA SEA,30,c,0,0,15,SZInter,70,SZInter,999,SZIntra,-
270, CERAM SEA,30,c,0,1,15,SZInter,70,SZInter,999,SZIntra,-
271," BURU, INDONESIA",33,c,0,0,15,SZInter,70,SZInter,999,SZIntra,-
272," SERAM, INDONESIA",30,c,0,0,15,SZInter,70,SZInter,999,SZIntra,-
273," SOUTHWEST OF SUMATERA, INDONESIA",30,a,0,0,15,SZInter,70,SZInter,999,SZIntra,-
274," SOUTHERN SUMATERA, INDONESIA",30,a,0,0,15,SZInter,70,SZInter,999,SZIntra,-
275, JAVA SEA,220,-,0,0,35,ACRsh,999,SZIntra,-,-,-
276," SUNDA STRAIT, INDONESIA",33,a,0,0,15,SZInter,70,SZInter,999,SZIntra,-
277," JAVA, INDONESIA",33,a,0,0,15,SZInter,70,SZInter,999,SZIntra,-
278, BALI SEA,30,c,0,0,15,SZInter,70,SZInter,999,SZIntra,-
279, FLORES SEA,30,c,0,0,15,SZInter,70,SZInter,999,SZIntra,-
280, BANDA SEA,33,c,0,0,15,SZInter,70,SZInter,999,SZIntra,-
281," TANIMBAR ISLANDS REG., INDONESIA",30,c,0,0,15,SZInter,70,SZInter,999,SZIntra,-
282," SOUTH OF JAVA, INDONESIA",30,a,0,0,15,SZInter,70,SZInter,999,SZIntra,-
283," BALI REGION, INDONESIA",34,-,0,0,35,ACRsh,50,ACRde,999,SZIntra,-
284," SOUTH OF BALI, INDONESIA",30,a,0,0,15,SZInter,70,SZInter,999,SZIntra,-
285," SUMBAWA REGION, INDONESIA",33,c,0,0,15,SZInter,70,SZInter,999,SZIntra,-
286," FLORES REGION, INDONESIA",33,c,0,0,15,SZInter,70,SZInter,999,SZIntra,-
287," SUMBA REGION, INDONESIA",33,a,0,0,15,SZInter,70,SZInter,999,SZIntra,-
288, SAVU SEA,33,a,0,0,15,SZInter,70,SZInter,999,SZIntra,-
289, TIMOR REGION,30,c,0,0,15,SZInter,70,SZInter,999,SZIntra,-
290, TIMOR SEA,30,c,0,1,15,SZInter,70,SZInter,999,SZIntra,-
291," SOUTH OF SUMBAWA, INDONESIA",30,a,0,0,15,SZInter,70,SZInter,999,SZIntra,-
292," SOUTH OF SUMBA, INDONESIA",30,a,0,0,15,SZInter,70,SZInter,999,SZIntra,-
293," SOUTH OF TIMOR, INDONESIA",30,a,0,0,15,SZInter,70,SZInter,999,SZIntra,-
294, MYANMAR-INDIA BORDER REGION,221,-,0,0,35,ACRsh,85,ACRde,999,SZIntra,-
295, MYANMAR-BANGLADESH BORDER REGION,33,c,0,0,15,SZInter,70,SZInter,999,SZIntra,-
296, MYANMAR,30,c,0,0,15,SZInter,70,SZInter,999,SZIntra,-
297, MYANMAR-CHINA BORDER REGION,21,-,0,0,35,ACRsh,85,ACRde,-,WARNING,ACRde
298, NEAR SOUTH COAST OF MYANMAR,33,c,0,0,15,SZInter,70,SZInter,999,SZIntra,-
300," HAINAN ISLAND, CHINA",20,-,0,0,35,ACRsh,-,WARNING,-,-,ACRsh
301, SOUTH CHINA SEA,40,-,0,0,40,SOR,-,WARNING,-,-,SOR
733, THAILAND,20,-,0,0,35,ACRsh,-,WARNING,-,-,ACRsh
734, LAOS,20,-,0,0,35,ACRsh,-,WARNING,-,-,ACRsh
735, CAMBODIA,20,-,0,0,35,ACRsh,-,WARNING,-,-,ACRsh
736, VIETNAM,20,-,0,0,35,ACRsh,-,WARNING,-,-,ACRsh
737, GULF OF TONGKING,20,-,0,0,35,ACRsh,-,WARNING,-,-,ACRsh
302, EASTERN KASHMIR,221,-,0,0,35,ACRsh,85,ACRde,999,SZIntra,-
303, KASHMIR-INDIA BORDER REGION,21,-,0,0,35,ACRsh,85,ACRde,-,WARNING,ACRde
304, KASHMIR-XIZANG BORDER REGION,21,-,0,0,35,ACRsh,85,ACRde,-,WARNING,ACRde
305, WESTERN XIZANG-INDIA BORDER REGION,21,-,0,0,35,ACRsh,85,ACRde,-,WARNING,ACRde
306, XIZANG,21,-,0,0,35,ACRsh,85,ACRde,-,WARNING,ACRde
307," SICHUAN, CHINA",21,-,1,0,35,ACRsh,85,ACRde,-,WARNING,ACRde
308, NORTHERN INDIA,21,-,1,0,35,ACRsh,85,ACRde,-,WARNING,ACRde
309, NEPAL-INDIA BORDER REGION,21,-,1,0,35,ACRsh,85,ACRde,-,WARNING,ACRde
310, NEPAL,21,-,0,0,35,ACRsh,85,ACRde,-,WARNING,ACRde
311," SIKKIM, INDIA",21,-,0,0,35,ACRsh,85,ACRde,-,WARNING,ACRde
312, BHUTAN,21,-,0,0,35,ACRsh,85,ACRde,-,WARNING,ACRde
313, EASTERN XIZANG-INDIA BORDER REG.,21,-,0,0,35,ACRsh,85,ACRde,-,WARNING,ACRde
314, SOUTHERN INDIA,10,-,0,0,50,SCR,-,WARNING,-,-,SCR
315, INDIA-BANGLADESH BORDER REGION,21,-,1,0,35,ACRsh,85,ACRde,-,WARNING,ACRde
316, BANGLADESH,10,-,0,0,50,SCR,-,WARNING,-,-,SCR
317, NORTHEASTERN INDIA,21,-,0,0,35,ACRsh,85,ACRde,-,WARNING,ACRde
318," YUNNAN, CHINA",21,-,1,0,35,ACRsh,85,ACRde,-,WARNING,ACRde
319, BAY OF BENGAL,40,c,0,1,40,SOR,-,WARNING,-,-,SOR
320, KYRGYZSTAN-XINJIANG BORDER REG.,21,-,0,0,35,ACRsh,85,ACRde,-,WARNING,ACRde
321," SOUTHERN XINJIANG, CHINA",221,-,0,0,35,ACRsh,85,ACRde,999,SZIntra,-
322," GANSU, CHINA",20,-,0,0,35,ACRsh,-,WARNING,-,-,ACRsh
323," WESTERN NEI MONGOL, CHINA",20,-,1,0,35,ACRsh,-,WARNING,-,-,ACRsh
324, KASHMIR-XINJIANG BORDER REGION,221,-,0,0,35,ACRsh,85,ACRde,999,SZIntra,-
325," QINGHAI, CHINA",21,-,0,0,35,ACRsh,85,ACRde,-,WARNING,ACRde
326," SOUTHWESTERN SIBERIA, RUSSIA",20,-,1,0,35,ACRsh,-,WARNING,-,-,ACRsh
327," LAKE BAYKAL REGION, RUSSIA",20,-,1,0,35,ACRsh,-,WARNING,-,-,ACRsh
328," EAST OF LAKE BAYKAL, RUSSIA",20,-,1,0,35,ACRsh,-,WARNING,-,-,ACRsh
329, EASTERN KAZAKHSTAN,21,-,1,0,35,ACRsh,85,ACRde,-,WARNING,ACRde
330, LAKE ISSYK-KUL REGION,21,-,1,0,35,ACRsh,85,ACRde,-,WARNING,ACRde
331, KAZAKHSTAN-XINJIANG BORDER REG.,21,-,1,0,35,ACRsh,85,ACRde,-,WARNING,ACRde
332," NORTHERN XINJIANG, CHINA",21,-,1,0,35,ACRsh,85,ACRde,-,WARNING,ACRde
333, RUSSIA-MONGOLIA BORDER REGION,21,-,1,0,35,ACRsh,85,ACRde,-,WARNING,ACRde
334, MONGOLIA,21,-,1,1,35,ACRsh,85,ACRde,-,WARNING,ACRde
335," URAL MOUNTAINS REGION, RUSSIA",10,-,0,0,50,SCR,-,WARNING,-,-,SCR
336, WESTERN KAZAKHSTAN,10,-,0,0,50,SCR,-,WARNING,-,-,SCR
337, EASTERN CAUCASUS,21,-,0,0,35,ACRsh,85,ACRde,-,WARNING,ACRde
338, CASPIAN SEA,21,-,1,0,35,ACRsh,85,ACRde,-,WARNING,ACRde
339, NORTHWESTERN UZBEKISTAN,21,-,1,0,35,ACRsh,85,ACRde,-,WARNING,ACRde
340, TURKMENISTAN,21,-,1,0,35,ACRsh,85,ACRde,-,WARNING,ACRde
341, TURKMENISTAN-IRAN BORDER REGION,21,-,0,0,35,ACRsh,85,ACRde,-,WARNING,ACRde
342, TURKMENISTAN-AFGHANISTAN BRD REG,21,-,0,0,35,ACRsh,85,ACRde,-,WARNING,ACRde
343, TURKEY-IRAN BORDER REGION,21,-,0,0,35,ACRsh,85,ACRde,-,WARNING,ACRde
344, ARMENIA-AZERBAIJAN-IRAN BORD REG,21,-,0,0,35,ACRsh,85,ACRde,-,WARNING,ACRde
345, NORTHWESTERN IRAN,21,-,0,0,35,ACRsh,85,ACRde,-,WARNING,ACRde
346, IRAN-IRAQ BORDER REGION,21,-,0,0,35,ACRsh,85,ACRde,-,WARNING,ACRde
347, WESTERN IRAN,21,-,0,0,35,ACRsh,85,ACRde,-,WARNING,ACRde
348, NORTHERN AND CENTRAL IRAN,21,-,0,0,35,ACRsh,85,ACRde,-,WARNING,ACRde
349, NORTHWESTERN AFGHANISTAN,21,-,0,0,35,ACRsh,85,ACRde,-,WARNING,ACRde
350, SOUTHWESTERN AFGHANISTAN,221,-,0,0,35,ACRsh,85,ACRde,999,SZIntra,-
351, EASTERN ARABIAN PENINSULA,20,-,1,0,35,ACRsh,-,WARNING,-,-,ACRsh
352, PERSIAN GULF,20,-,1,0,35,ACRsh,-,WARNING,-,-,ACRsh
353, SOUTHERN IRAN,221,-,0,0,35,ACRsh,85,ACRde,999,SZIntra,-
354, SOUTHWESTERN PAKISTAN,221,-,0,0,35,ACRsh,85,ACRde,999,SZIntra,-
355, GULF OF OMAN,30,c,0,0,15,SZInter,70,SZInter,999,SZIntra,-
356, OFF COAST OF PAKISTAN,30,c,1,1,15,SZInter,70,SZInter,999,SZIntra,-
357, UKRAINE-MOLDOVA-SW RUSSIA REGION,10,-,0,0,50,SCR,-,WARNING,-,-,SCR
358, ROMANIA,220,-,0,0,35,ACRsh,999,SZIntra,-,-,-
359, BULGARIA,20,-,0,0,35,ACRsh,-,WARNING,-,-,ACRsh
360, BLACK SEA,20,-,0,0,35,ACRsh,-,WARNING,-,-,ACRsh
361," CRIMEA REGION, UKRAINE",20,-,1,0,35,ACRsh,-,WARNING,-,-,ACRsh
362, WESTERN CAUCASUS,21,-,0,0,35,ACRsh,85,ACRde,-,WARNING,ACRde
363, GREECE-BULGARIA BORDER REGION,20,-,0,0,35,ACRsh,-,WARNING,-,-,ACRsh
364, GREECE,33,c,0,0,15,SZInter,70,SZInter,999,SZIntra,-
365, AEGEAN SEA,20,-,0,0,35,ACRsh,-,WARNING,-,-,ACRsh
366, TURKEY,221,-,0,0,35,ACRsh,85,ACRde,999,SZIntra,-
367, GEORGIA-ARMENIA-TURKEY BORD REG.,21,-,0,0,35,ACRsh,85,ACRde,-,WARNING,ACRde
368, SOUTHERN GREECE,30,c,0,0,15,SZInter,70,SZInter,999,SZIntra,-
369," DODECANESE ISLANDS, GREECE",33,c,0,0,15,SZInter,70,SZInter,999,SZIntra,-
370," CRETE, GREECE",30,c,0,0,15,SZInter,70,SZInter,999,SZIntra,-
371, EASTERN MEDITERRANEAN SEA,30,c,1,0,15,SZInter,70,SZInter,999,SZIntra,-
372, CYPRUS REGION,30,c,0,0,15,SZInter,70,SZInter,999,SZIntra,-
373, DEAD SEA REGION,20,-,0,0,35,ACRsh,-,WARNING,-,-,ACRsh
374, JORDAN - SYRIA REGION,20,-,1,0,35,ACRsh,-,WARNING,-,-,ACRsh
375, IRAQ,21,-,0,1,35,ACRsh,85,ACRde,-,WARNING,ACRde
376, PORTUGAL,10,-,0,0,50,SCR,-,WARNING,-,-,SCR
377, SPAIN,220,-,1,0,35,ACRsh,999,SZIntra,-,-,-
378, PYRENEES,20,-,0,0,35,ACRsh,-,WARNING,-,-,ACRsh
379, NEAR SOUTH COAST OF FRANCE,20,-,1,0,35,ACRsh,-,WARNING,-,-,ACRsh
380," CORSICA, FRANCE",20,-,0,0,35,ACRsh,-,WARNING,-,-,ACRsh
381, CENTRAL ITALY,21,-,0,0,35,ACRsh,85,ACRde,-,WARNING,ACRde
382, ADRIATIC SEA,21,-,0,0,35,ACRsh,85,ACRde,-,WARNING,ACRde
383, NORTHWESTERN BALKAN REGION,21,-,0,0,35,ACRsh,85,ACRde,-,WARNING,ACRde
384, WEST OF GIBRALTAR,23,-,0,0,55,OBR,-,WARNING,-,-,OBR
385, STRAIT OF GIBRALTAR,220,-,0,1,35,ACRsh,999,SZIntra,-,-,-
386," BALEARIC ISLANDS, SPAIN",20,-,1,0,35,ACRsh,-,WARNING,-,-,ACRsh
387, WESTERN MEDITERRANEAN SEA,20,-,0,0,35,ACRsh,-,WARNING,-,-,ACRsh
388," SARDINIA, ITALY",20,-,0,0,35,ACRsh,-,WARNING,-,-,ACRsh
389, TYRRHENIAN SEA,220,-,0,0,35,ACRsh,999,SZIntra,-,-,-
390, SOUTHERN ITALY,220,c,0,1,35,ACRsh,999,SZIntra,-,-,-
391, ALBANIA,21,-,0,0,35,ACRsh,85,ACRde,-,WARNING,ACRde
392, GREECE-ALBANIA BORDER REGION,21,-,0,0,35,ACRsh,85,ACRde,-,WARNING,ACRde
393," MADEIRA ISLANDS, PORTUGAL REGION",40,-,0,1,40,SOR,-,WARNING,-,-,SOR
394," CANARY ISLANDS, SPAIN REGION",40,-,0,1,40,SOR,-,WARNING,-,-,SOR
395, MOROCCO,220,-,1,0,35,ACRsh,999,SZIntra,-,-,-
396, NORTHERN ALGERIA,20,-,1,0,35,ACRsh,-,WARNING,-,-,ACRsh
397, TUNISIA,20,-,1,0,35,ACRsh,-,WARNING,-,-,ACRsh
398," SICILY, ITALY",30,c,1,0,15,SZInter,70,SZInter,999,SZIntra,-
399, IONIAN SEA,30,c,0,0,15,SZInter,70,SZInter,999,SZIntra,-
400, CENTRAL MEDITERRANEAN SEA,30,c,1,0,15,SZInter,70,SZInter,999,SZIntra,-
401, NEAR COAST OF LIBYA,10,-,0,0,50,SCR,-,WARNING,-,-,SCR
402, NORTH ATLANTIC OCEAN,40,c,1,1,40,SOR,-,WARNING,-,-,SOR
403, NORTHERN MID-ATLANTIC RIDGE,23,-,0,0,55,OBR,-,WARNING,-,-,OBR
404, AZORES ISLANDS REGION,23,-,0,0,55,OBR,-,WARNING,-,-,OBR
405," AZORES ISLANDS, PORTUGAL",24,-,0,0,65,HS,-,WARNING,-,-,HS
406, CENTRAL MID-ATLANTIC RIDGE,23,-,0,0,55,OBR,-,WARNING,-,-,OBR
407, NORTH OF ASCENSION ISLAND,23,-,0,0,55,OBR,-,WARNING,-,-,OBR
408, ASCENSION ISLAND REGION,23,-,0,1,55,OBR,-,WARNING,-,-,OBR
409, SOUTH ATLANTIC OCEAN,40,-,1,1,40,SOR,-,WARNING,-,-,SOR
410, SOUTHERN MID-ATLANTIC RIDGE,23,-,0,0,55,OBR,-,WARNING,-,-,OBR
411, TRISTAN DA CUNHA REGION,23,-,0,1,55,OBR,-,WARNING,-,-,OBR
412, BOUVET ISLAND REGION,23,-,0,1,55,OBR,-,WARNING,-,-,OBR
413, SOUTHWEST OF AFRICA,23,-,0,0,55,OBR,-,WARNING,-,-,OBR
414, SOUTHEASTERN ATLANTIC OCEAN,40,-,0,0,40,SOR,-,WARNING,-,-,SOR
738, REYKJANES RIDGE,23,-,0,0,55,OBR,-,WARNING,-,-,OBR
739, AZORES-CAPE ST. VINCENT RIDGE,23,-,0,0,55,OBR,-,WARNING,-,-,OBR
415, EASTERN GULF OF ADEN,23,-,0,0,55,OBR,-,WARNING,-,-,OBR
416, SOCOTRA REGION,23,-,0,0,55,OBR,-,WARNING,-,-,OBR
417, ARABIAN SEA,40,-,1,0,40,SOR,-,WARNING,-,-,SOR
418," LAKSHADWEEP REGION, INDIA",40,-,1,0,40,SOR,-,WARNING,-,-,SOR
419, NORTHEASTERN SOMALIA,20,-,1,0,35,ACRsh,-,WARNING,-,-,ACRsh
420, NORTH INDIAN OCEAN,40,-,1,0,40,SOR,-,WARNING,-,-,SOR
421, CARLSBERG RIDGE,23,-,0,0,55,OBR,-,WARNING,-,-,OBR
422, MALDIVE ISLANDS REGION,40,-,0,0,40,SOR,-,WARNING,-,-,SOR
423, LACCADIVE SEA,10,-,0,0,50,SCR,-,WARNING,-,-,SCR
424, SRI LANKA,10,-,0,0,50,SCR,-,WARNING,-,-,SCR
425, SOUTH INDIAN OCEAN,40,-,1,1,40,SOR,-,WARNING,-,-,SOR
426, CHAGOS ARCHIPELAGO REGION,23,-,0,0,55,OBR,-,WARNING,-,-,OBR
427, MAURITIUS - REUNION REGION,23,-,0,1,55,OBR,-,WARNING,-,-,OBR
428, SOUTHWEST INDIAN RIDGE,23,-,0,0,55,OBR,-,WARNING,-,-,OBR
429, MID-INDIAN RIDGE,23,-,0,1,55,OBR,-,WARNING,-,-,OBR
430, SOUTH OF AFRICA,23,-,0,0,55,OBR,-,WARNING,-,-,OBR
431, PRINCE EDWARD ISLANDS REGION,23,-,0,1,55,OBR,-,WARNING,-,-,OBR
432, CROZET ISLANDS REGION,40,-,0,1,40,SOR,-,WARNING,-,-,SOR
433, KERGUELEN ISLANDS REGION,24,-,0,0,65,HS,-,WARNING,-,-,HS
434, BROKEN RIDGE,40,-,0,0,40,SOR,-,WARNING,-,-,SOR
435, SOUTHEAST INDIAN RIDGE,23,-,0,0,55,OBR,-,WARNING,-,-,OBR
436, SOUTHERN KERGUELEN PLATEAU,40,-,0,0,40,SOR,-,WARNING,-,-,SOR
437, SOUTH OF AUSTRALIA,40,-,0,0,40,SOR,-,WARNING,-,-,SOR
740, OWEN FRACTURE ZONE REGION,23,-,0,0,55,OBR,-,WARNING,-,-,OBR
741, INDIAN OCEAN TRIPLE JUNCTION,23,-,0,0,55,OBR,-,WARNING,-,-,OBR
742, WESTERN INDIAN-ANTARCTIC RIDGE,23,-,0,0,55,OBR,-,WARNING,-,-,OBR
438," SASKATCHEWAN, CANADA",10,-,0,0,50,SCR,-,WARNING,-,-,SCR
439," MANITOBA, CANADA",10,-,0,0,50,SCR,-,WARNING,-,-,SCR
440, HUDSON BAY,10,-,0,0,50,SCR,-,WARNING,-,-,SCR
441," ONTARIO, CANADA",10,-,0,0,50,SCR,-,WARNING,-,-,SCR
442," HUDSON STRAIT REGION, CANADA",10,-,0,0,50,SCR,-,WARNING,-,-,SCR
443," NORTHERN QUEBEC, CANADA",10,-,0,0,50,SCR,-,WARNING,-,-,SCR
444, DAVIS STRAIT,10,-,0,0,50,SCR,-,WARNING,-,-,SCR
445," LABRADOR, CANADA",10,-,0,0,50,SCR,-,WARNING,-,-,SCR
446, LABRADOR SEA,10,-,0,0,50,SCR,-,WARNING,-,-,SCR
447," SOUTHERN QUEBEC, CANADA",10,-,0,0,50,SCR,-,WARNING,-,-,SCR
448," GASPE PENINSULA, CANADA",10,-,0,0,50,SCR,-,WARNING,-,-,SCR
449," EASTERN QUEBEC, CANADA",10,-,0,0,50,SCR,-,WARNING,-,-,SCR
450," ANTICOSTI ISLAND, CANADA",10,-,0,0,50,SCR,-,WARNING,-,-,SCR
451," NEW BRUNSWICK, CANADA",10,-,0,0,50,SCR,-,WARNING,-,-,SCR
452," NOVA SCOTIA, CANADA",10,-,0,0,50,SCR,-,WARNING,-,-,SCR
453," PRINCE EDWARD ISLAND, CANADA",10,-,0,0,50,SCR,-,WARNING,-,-,SCR
454, GULF OF ST. LAWRENCE,10,-,0,0,50,SCR,-,WARNING,-,-,SCR
455," NEWFOUNDLAND, CANADA",10,-,0,0,50,SCR,-,WARNING,-,-,SCR
456, MONTANA,20,-,1,0,35,ACRsh,-,WARNING,-,-,ACRsh
457, EASTERN IDAHO,20,-,0,0,35,ACRsh,-,WARNING,-,-,ACRsh
458, HEBGEN LAKE REGION,24,-,0,0,65,HS,-,WARNING,-,-,HS
459," YELLOWSTONE REGION, WYOMING",24,-,0,0,65,HS,-,WARNING,-,-,HS
460, WYOMING,20,-,1,0,35,ACRsh,-,WARNING,-,-,ACRsh
461, NORTH DAKOTA,10,-,0,0,50,SCR,-,WARNING,-,-,SCR
462, SOUTH DAKOTA,10,-,0,0,50,SCR,-,WARNING,-,-,SCR
463, NEBRASKA,10,-,0,0,50,SCR,-,WARNING,-,-,SCR
464, MINNESOTA,10,-,0,0,50,SCR,-,WARNING,-,-,SCR
465, IOWA,10,-,0,0,50,SCR,-,WARNING,-,-,SCR
466, WISCONSIN,10,-,0,0,50,SCR,-,WARNING,-,-,SCR
467, ILLINOIS,10,-,0,0,50,SCR,-,WARNING,-,-,SCR
468, MICHIGAN,10,-,0,0,50,SCR,-,WARNING,-,-,SCR
469, INDIANA,10,-,0,0,50,SCR,-,WARNING,-,-,SCR
470," SOUTHERN ONTARIO, CANADA",10,-,0,0,50,SCR,-,WARNING,-,-,SCR
471, OHIO,10,-,0,0,50,SCR,-,WARNING,-,-,SCR
472, NEW YORK,10,-,0,0,50,SCR,-,WARNING,-,-,SCR
473, PENNSYLVANIA,10,-,0,0,50,SCR,-,WARNING,-,-,SCR
474, VERMONT - NEW HAMPSHIRE REGION,10,-,0,0,50,SCR,-,WARNING,-,-,SCR
475, MAINE,10,-,0,0,50,SCR,-,WARNING,-,-,SCR
476, SOUTHERN NEW ENGLAND,10,-,0,0,50,SCR,-,WARNING,-,-,SCR
477, GULF OF MAINE,10,-,0,0,50,SCR,-,WARNING,-,-,SCR
478, UTAH,20,-,0,0,35,ACRsh,-,WARNING,-,-,ACRsh
479, COLORADO,20,-,1,0,35,ACRsh,-,WARNING,-,-,ACRsh
480, KANSAS,10,-,0,0,50,SCR,-,WARNING,-,-,SCR
481, IOWA-MISSOURI BORDER REGION,10,-,0,0,50,SCR,-,WARNING,-,-,SCR
482, MISSOURI-KANSAS BORDER REGION,10,-,0,0,50,SCR,-,WARNING,-,-,SCR
483, MISSOURI,10,-,0,0,50,SCR,-,WARNING,-,-,SCR
484, MISSOURI-ARKANSAS BORDER REGION,10,-,0,0,50,SCR,-,WARNING,-,-,SCR
485, EASTERN MISSOURI,10,-,0,0,50,SCR,-,WARNING,-,-,SCR
486," NEW MADRID, MISSOURI REGION",10,-,0,0,50,SCR,-,WARNING,-,-,SCR
487," CAPE GIRARDEAU, MISSOURI REGION",10,-,0,0,50,SCR,-,WARNING,-,-,SCR
488, SOUTHERN ILLINOIS,10,-,0,0,50,SCR,-,WARNING,-,-,SCR
489, SOUTHERN INDIANA,10,-,0,0,50,SCR,-,WARNING,-,-,SCR
490, KENTUCKY,10,-,0,0,50,SCR,-,WARNING,-,-,SCR
491, WEST VIRGINIA,10,-,0,0,50,SCR,-,WARNING,-,-,SCR
492, VIRGINIA,10,-,0,0,50,SCR,-,WARNING,-,-,SCR
493, CHESAPEAKE BAY REGION,10,-,0,0,50,SCR,-,WARNING,-,-,SCR
494, NEW JERSEY,10,-,0,0,50,SCR,-,WARNING,-,-,SCR
495, EASTERN ARIZONA,20,-,0,0,35,ACRsh,-,WARNING,-,-,ACRsh
496, NEW MEXICO,20,-,1,0,35,ACRsh,-,WARNING,-,-,ACRsh
497, TEXAS PANHANDLE REGION,10,-,0,0,50,SCR,-,WARNING,-,-,SCR
498, WESTERN TEXAS,10,-,0,0,50,SCR,-,WARNING,-,-,SCR
499, OKLAHOMA,10,-,0,0,50,SCR,-,WARNING,-,-,SCR
500, CENTRAL TEXAS,10,-,0,0,50,SCR,-,WARNING,-,-,SCR
501, ARKANSAS-OKLAHOMA BORDER REGION,10,-,0,0,50,SCR,-,WARNING,-,-,SCR
502, ARKANSAS,10,-,0,0,50,SCR,-,WARNING,-,-,SCR
503, LOUISIANA-TEXAS BORDER REGION,10,-,0,0,50,SCR,-,WARNING,-,-,SCR
504, LOUISIANA,10,-,0,0,50,SCR,-,WARNING,-,-,SCR
505, MISSISSIPPI,10,-,0,0,50,SCR,-,WARNING,-,-,SCR
506, TENNESSEE,10,-,0,0,50,SCR,-,WARNING,-,-,SCR
507, ALABAMA,10,-,0,0,50,SCR,-,WARNING,-,-,SCR
508, WESTERN FLORIDA,10,-,0,0,50,SCR,-,WARNING,-,-,SCR
509," GEORGIA, USA",10,-,0,0,50,SCR,-,WARNING,-,-,SCR
510, FLORIDA-GEORGIA BORDER REGION,10,-,0,0,50,SCR,-,WARNING,-,-,SCR
511, SOUTH CAROLINA,10,-,0,0,50,SCR,-,WARNING,-,-,SCR
512, NORTH CAROLINA,10,-,0,0,50,SCR,-,WARNING,-,-,SCR
513, OFF EAST COAST OF UNITED STATES,10,-,0,0,50,SCR,-,WARNING,-,-,SCR
514, FLORIDA PENINSULA,10,-,0,0,50,SCR,-,WARNING,-,-,SCR
515, BAHAMA ISLANDS,10,-,0,0,50,SCR,-,WARNING,-,-,SCR
516, E. ARIZONA-SONORA BORDER REGION,20,-,0,0,35,ACRsh,-,WARNING,-,-,ACRsh
517, NEW MEXICO-CHIHUAHUA BORDER REG.,20,-,0,0,35,ACRsh,-,WARNING,-,-,ACRsh
518, TEXAS-MEXICO BORDER REGION,20,-,1,0,35,ACRsh,-,WARNING,-,-,ACRsh
519, SOUTHERN TEXAS,10,-,0,0,50,SCR,-,WARNING,-,-,SCR
520, NEAR COAST OF TEXAS,10,-,0,0,50,SCR,-,WARNING,-,-,SCR
521," CHIHUAHUA, MEXICO",20,-,0,0,35,ACRsh,-,WARNING,-,-,ACRsh
522, NORTHERN MEXICO,20,-,1,0,35,ACRsh,-,WARNING,-,-,ACRsh
523, CENTRAL MEXICO,34,-,0,0,35,ACRsh,50,ACRde,999,SZIntra,-
524," JALISCO, MEXICO",34,-,0,0,35,ACRsh,50,ACRde,999,SZIntra,-
525," VERACRUZ, MEXICO",34,-,0,0,35,ACRsh,50,ACRde,999,SZIntra,-
526, GULF OF MEXICO,40,-,1,0,40,SOR,-,WARNING,-,-,SOR
527, BAY OF CAMPECHE,12,-,0,0,50,SCR,999,SZIntra,-,-,-
528, BRAZIL,10,-,0,0,50,SCR,-,WARNING,-,-,SCR
529, GUYANA,10,-,0,0,50,SCR,-,WARNING,-,-,SCR
530, SURINAME,10,-,0,0,50,SCR,-,WARNING,-,-,SCR
531, FRENCH GUIANA,10,-,0,0,50,SCR,-,WARNING,-,-,SCR
532, IRELAND,10,-,0,0,50,SCR,-,WARNING,-,-,SCR
533, UNITED KINGDOM,10,-,0,0,50,SCR,-,WARNING,-,-,SCR
534, NORTH SEA,10,-,0,0,50,SCR,-,WARNING,-,-,SCR
535, SOUTHERN NORWAY,10,-,0,0,50,SCR,-,WARNING,-,-,SCR
536, SWEDEN,10,-,0,0,50,SCR,-,WARNING,-,-,SCR
537, BALTIC SEA,10,-,0,0,50,SCR,-,WARNING,-,-,SCR
538, FRANCE,20,-,1,0,35,ACRsh,-,WARNING,-,-,ACRsh
539, BAY OF BISCAY,10,-,0,0,50,SCR,-,WARNING,-,-,SCR
540, THE NETHERLANDS,10,-,0,0,50,SCR,-,WARNING,-,-,SCR
541, BELGIUM,10,-,0,0,50,SCR,-,WARNING,-,-,SCR
542, DENMARK,10,-,0,0,50,SCR,-,WARNING,-,-,SCR
543, GERMANY,20,-,1,1,35,ACRsh,-,WARNING,-,-,ACRsh
544, SWITZERLAND,20,-,1,0,35,ACRsh,-,WARNING,-,-,ACRsh
545, NORTHERN ITALY,21,-,0,0,35,ACRsh,85,ACRde,-,WARNING,ACRde
546, AUSTRIA,20,-,1,0,35,ACRsh,-,WARNING,-,-,ACRsh
547, CZECH AND SLOVAK REPUBLICS,10,-,0,0,50,SCR,-,WARNING,-,-,SCR
548, POLAND,10,-,0,0,50,SCR,-,WARNING,-,-,SCR
549, HUNGARY,20,-,0,0,35,ACRsh,-,WARNING,-,-,ACRsh
551, SOUTHERN ALGERIA,10,-,0,1,50,SCR,-,WARNING,-,-,SCR
552, LIBYA,10,-,0,0,50,SCR,-,WARNING,-,-,SCR
553, EGYPT,20,-,1,0,35,ACRsh,-,WARNING,-,-,ACRsh
554, RED SEA,23,-,0,0,55,OBR,-,WARNING,-,-,OBR
555, WESTERN ARABIAN PENINSULA,20,-,1,0,35,ACRsh,-,WARNING,-,-,ACRsh
556, CHAD REGION,10,-,0,1,50,SCR,-,WARNING,-,-,SCR
557, SUDAN,20,-,1,1,35,ACRsh,-,WARNING,-,-,ACRsh
558, ETHIOPIA,21,-,1,1,35,ACRsh,85,ACRde,-,WARNING,ACRde
559, WESTERN GULF OF ADEN,23,-,0,0,55,OBR,-,WARNING,-,-,OBR
560, NORTHWESTERN SOMALIA,20,-,1,1,35,ACRsh,-,WARNING,-,-,ACRsh
561, OFF S. COAST OF NORTHWEST AFRICA,10,-,0,1,50,SCR,-,WARNING,-,-,SCR
562, CAMEROON,10,-,0,1,50,SCR,-,WARNING,-,-,SCR
563, EQUATORIAL GUINEA,10,-,0,0,50,SCR,-,WARNING,-,-,SCR
564, CENTRAL AFRICAN REPUBLIC,10,-,0,0,50,SCR,-,WARNING,-,-,SCR
565, GABON,10,-,0,0,50,SCR,-,WARNING,-,-,SCR
566, REPUBLIC OF CONGO,10,-,0,0,50,SCR,-,WARNING,-,-,SCR
567, DEMOCRATIC REPUBLIC OF CONGO,20,-,1,1,35,ACRsh,-,WARNING,-,-,ACRsh
568, UGANDA,20,-,1,0,35,ACRsh,-,WARNING,-,-,ACRsh
569, LAKE VICTORIA REGION,20,-,0,0,35,ACRsh,-,WARNING,-,-,ACRsh
570, KENYA,20,-,1,0,35,ACRsh,-,WARNING,-,-,ACRsh
571, SOUTHERN SOMALIA,10,-,0,0,50,SCR,-,WARNING,-,-,SCR
572, LAKE TANGANYIKA REGION,21,-,0,0,35,ACRsh,85,ACRde,-,WARNING,ACRde
573, TANZANIA,20,-,0,0,35,ACRsh,-,WARNING,-,-,ACRsh
574, NORTHWEST OF MADAGASCAR,20,-,1,1,35,ACRsh,-,WARNING,-,-,ACRsh
575, ANGOLA,10,-,0,0,50,SCR,-,WARNING,-,-,SCR
576, ZAMBIA,20,-,1,0,35,ACRsh,-,WARNING,-,-,ACRsh
577, MALAWI,20,-,0,0,35,ACRsh,-,WARNING,-,-,ACRsh
578, NAMIBIA,10,-,0,0,50,SCR,-,WARNING,-,-,SCR
579, BOTSWANA,10,-,0,0,50,SCR,-,WARNING,-,-,SCR
580, ZIMBABWE,10,-,0,1,50,SCR,-,WARNING,-,-,SCR
581, MOZAMBIQUE,20,-,1,0,35,ACRsh,-,WARNING,-,-,ACRsh
582, MOZAMBIQUE CHANNEL,40,-,0,0,40,SOR,-,WARNING,-,-,SOR
583, MADAGASCAR,20,-,1,0,35,ACRsh,-,WARNING,-,-,ACRsh
584, SOUTH AFRICA,20,-,0,1,35,ACRsh,-,WARNING,-,-,ACRsh
585, LESOTHO,20,-,0,0,35,ACRsh,-,WARNING,-,-,ACRsh
586, SWAZILAND,10,-,0,0,50,SCR,-,WARNING,-,-,SCR
587, OFF COAST OF SOUTH AFRICA,40,-,1,0,40,SOR,-,WARNING,-,-,SOR
743, WESTERN SAHARA,10,-,0,0,50,SCR,-,WARNING,-,-,SCR
744, MAURITANIA,10,-,0,0,50,SCR,-,WARNING,-,-,SCR
745, MALI,10,-,0,0,50,SCR,-,WARNING,-,-,SCR
746, SENEGAL - GAMBIA REGION,10,-,0,0,50,SCR,-,WARNING,-,-,SCR
747, GUINEA REGION,10,-,0,0,50,SCR,-,WARNING,-,-,SCR
748, SIERRA LEONE,10,-,0,0,50,SCR,-,WARNING,-,-,SCR
749, LIBERIA REGION,10,-,0,0,50,SCR,-,WARNING,-,-,SCR
750, COTE D'IVOIRE,10,-,0,0,50,SCR,-,WARNING,-,-,SCR
751, BURKINA FASO,10,-,0,0,50,SCR,-,WARNING,-,-,SCR
752, GHANA,10,-,0,0,50,SCR,-,WARNING,-,-,SCR
753, BENIN - TOGO REGION,10,-,0,0,50,SCR,-,WARNING,-,-,SCR
754, NIGER,10,-,0,0,50,SCR,-,WARNING,-,-,SCR
755, NIGERIA,10,-,0,1,50,SCR,-,WARNING,-,-,SCR
588, NORTHWEST OF AUSTRALIA,10,-,0,0,50,SCR,-,WARNING,-,-,SCR
589, WEST OF AUSTRALIA,40,-,1,0,40,SOR,-,WARNING,-,-,SOR
590, WESTERN AUSTRALIA,10,-,0,0,50,SCR,-,WARNING,-,-,SCR
591," NORTHERN TERRITORY, AUSTRALIA",10,-,0,0,50,SCR,-,WARNING,-,-,SCR
592, SOUTH AUSTRALIA,10,-,0,0,50,SCR,-,WARNING,-,-,SCR
593, GULF OF CARPENTARIA,10,-,0,0,50,SCR,-,WARNING,-,-,SCR
594," QUEENSLAND, AUSTRALIA",10,-,0,0,50,SCR,-,WARNING,-,-,SCR
595, CORAL SEA,10,-,0,0,50,SCR,-,WARNING,-,-,SCR
596, NORTHWEST OF NEW CALEDONIA,40,-,0,0,40,SOR,-,WARNING,-,-,SOR
597, SOUTHWEST OF NEW CALEDONIA,40,-,0,0,40,SOR,-,WARNING,-,-,SOR
598, SOUTHWEST OF AUSTRALIA,40,-,1,0,40,SOR,-,WARNING,-,-,SOR
599, OFF SOUTH COAST OF AUSTRALIA,10,-,0,0,50,SCR,-,WARNING,-,-,SCR
600, NEAR COAST OF SOUTH AUSTRALIA,10,-,0,0,50,SCR,-,WARNING,-,-,SCR
601," NEW SOUTH WALES, AUSTRALIA",10,-,0,0,50,SCR,-,WARNING,-,-,SCR
602," VICTORIA, AUSTRALIA",10,-,0,0,50,SCR,-,WARNING,-,-,SCR
603, NEAR S.E. COAST OF AUSTRALIA,10,-,0,1,50,SCR,-,WARNING,-,-,SCR
604, NEAR EAST COAST OF AUSTRALIA,10,-,0,0,50,SCR,-,WARNING,-,-,SCR
605, EAST OF AUSTRALIA,40,-,1,0,40,SOR,-,WARNING,-,-,SOR
606, NORFOLK ISLAND REGION,40,-,0,0,40,SOR,-,WARNING,-,-,SOR
607, NORTHWEST OF NEW ZEALAND,40,-,0,0,40,SOR,-,WARNING,-,-,SOR
608, BASS STRAIT,10,-,0,0,50,SCR,-,WARNING,-,-,SCR
609," TASMANIA REGION, AUSTRALIA REGION",10,-,0,0,50,SCR,-,WARNING,-,-,SCR
610, SOUTHEAST OF AUSTRALIA,40,-,1,0,40,SOR,-,WARNING,-,-,SOR
611, NORTH PACIFIC OCEAN,40,a,0,1,40,SOR,-,WARNING,-,-,SOR
612, HAWAIIAN ISLANDS REGION,40,-,0,0,40,SOR,-,WARNING,-,-,SOR
613, HAWAII,24,-,0,0,65,HS,-,WARNING,-,-,HS
614," E. CAROLINE ISLANDS, MICRONESIA",23,-,0,1,55,OBR,-,WARNING,-,-,OBR
615, MARSHALL ISLANDS REGION,40,-,0,0,40,SOR,-,WARNING,-,-,SOR
616," ENEWETAK ATOLL REG, MARSHALL IS.",40,-,0,0,40,SOR,-,WARNING,-,-,SOR
617," BIKINI ATOLL REG., MARSHALL IS.",40,-,0,0,40,SOR,-,WARNING,-,-,SOR
618," GILBERT ISLANDS, KIRIBATI REGION",40,-,0,0,40,SOR,-,WARNING,-,-,SOR
619, JOHNSTON ISLAND REGION,40,-,0,0,40,SOR,-,WARNING,-,-,SOR
620," LINE ISLANDS REGION, KIRIBATI",40,-,0,0,40,SOR,-,WARNING,-,-,SOR
621," PALMYRA ISLAND REGION, KIRIBATI",40,-,0,0,40,SOR,-,WARNING,-,-,SOR
622," KIRITIMATI REGION, KIRIBATI",40,-,0,0,40,SOR,-,WARNING,-,-,SOR
623, TUVALU REGION,40,-,0,0,40,SOR,-,WARNING,-,-,SOR
624," PHOENIX ISLANDS, KIRIBATI REGION",40,-,0,0,40,SOR,-,WARNING,-,-,SOR
625, TOKELAU ISLANDS REGION,40,-,0,0,40,SOR,-,WARNING,-,-,SOR
626, NORTHERN COOK ISLANDS,40,-,0,0,40,SOR,-,WARNING,-,-,SOR
627, COOK ISLANDS REGION,40,-,0,0,40,SOR,-,WARNING,-,-,SOR
628, SOCIETY ISLANDS REGION,40,-,0,1,40,SOR,-,WARNING,-,-,SOR
629, TUBUAI ISLANDS REGION,40,-,0,0,40,SOR,-,WARNING,-,-,SOR
630, MARQUESAS ISLANDS REGION,40,-,0,1,40,SOR,-,WARNING,-,-,SOR
631, TUAMOTU ARCHIPELAGO REGION,40,-,0,0,40,SOR,-,WARNING,-,-,SOR
632, SOUTH PACIFIC OCEAN,40,-,0,1,40,SOR,-,WARNING,-,-,SOR
633, LOMONOSOV RIDGE,40,-,1,0,40,SOR,-,WARNING,-,-,SOR
634, ARCTIC OCEAN,40,-,1,0,40,SOR,-,WARNING,-,-,SOR
635, NEAR NORTH COAST OF GREENLAND,10,-,0,0,50,SCR,-,WARNING,-,-,SCR
636, EASTERN GREENLAND,10,-,0,0,50,SCR,-,WARNING,-,-,SCR
637, ICELAND REGION,23,-,0,0,55,OBR,-,WARNING,-,-,OBR
638, ICELAND,24,-,0,1,65,HS,-,WARNING,-,-,HS
639, JAN MAYEN ISLAND REGION,23,-,1,1,55,OBR,-,WARNING,-,-,OBR
640, GREENLAND SEA,23,-,0,1,55,OBR,-,WARNING,-,-,OBR
641, NORTH OF SVALBARD,23,-,0,1,55,OBR,-,WARNING,-,-,OBR
642, NORWEGIAN SEA,23,-,1,0,55,OBR,-,WARNING,-,-,OBR
643, SVALBARD REGION,23,-,1,1,55,OBR,-,WARNING,-,-,OBR
644, NORTH OF FRANZ JOSEF LAND,23,-,0,0,55,OBR,-,WARNING,-,-,OBR
645," FRANZ JOSEF LAND, RUSSIA",10,-,0,0,50,SCR,-,WARNING,-,-,SCR
646, NORTHERN NORWAY,10,-,0,0,50,SCR,-,WARNING,-,-,SCR
647, BARENTS SEA,10,-,0,0,50,SCR,-,WARNING,-,-,SCR
648," NOVAYA ZEMLYA, RUSSIA",10,-,0,0,50,SCR,-,WARNING,-,-,SCR
649, KARA SEA,10,-,0,0,50,SCR,-,WARNING,-,-,SCR
650," NEAR COAST OF W. SIBERIA, RUSSIA",10,-,0,0,50,SCR,-,WARNING,-,-,SCR
651, NORTH OF SEVERNAYA ZEMLYA,23,-,0,0,55,OBR,-,WARNING,-,-,OBR
652," SEVERNAYA ZEMLYA, RUSSIA",10,-,0,0,50,SCR,-,WARNING,-,-,SCR
653," NEAR COAST OF C. SIBERIA, RUSSIA",20,-,1,0,35,ACRsh,-,WARNING,-,-,ACRsh
654," EAST OF SEVERNAYA ZEMLYA, RUSSIA",23,-,0,0,55,OBR,-,WARNING,-,-,OBR
655, LAPTEV SEA,20,-,1,0,35,ACRsh,-,WARNING,-,-,ACRsh
656," SOUTHEASTERN SIBERIA, RUSSIA",20,-,1,1,35,ACRsh,-,WARNING,-,-,ACRsh
657, E. RUSSIA-N.E. CHINA BORDER REG.,220,-,1,0,35,ACRsh,999,SZIntra,-,-,-
658, NORTHEASTERN CHINA,220,-,1,0,35,ACRsh,999,SZIntra,-,-,-
659, NORTH KOREA,220,-,0,0,35,ACRsh,999,SZIntra,-,-,-
660, SEA OF JAPAN,220,-,0,0,35,ACRsh,999,SZIntra,-,-,-
661," PRIMOR'YE, RUSSIA",220,-,1,0,35,ACRsh,999,SZIntra,-,-,-
662," SAKHALIN, RUSSIA",221,-,0,0,35,ACRsh,85,ACRde,999,SZIntra,-
663, SEA OF OKHOTSK,220,-,0,0,35,ACRsh,999,SZIntra,-,-,-
664, SOUTHEASTERN CHINA,20,-,1,0,35,ACRsh,-,WARNING,-,-,ACRsh
665, YELLOW SEA,20,-,0,0,35,ACRsh,-,WARNING,-,-,ACRsh
666, OFF EAST COAST OF EASTERN CHINA,20,-,0,0,35,ACRsh,-,WARNING,-,-,ACRsh
667, NORTH OF NEW SIBERIAN ISLANDS,10,-,0,0,50,SCR,-,WARNING,-,-,SCR
668," NEW SIBERIAN ISLANDS, RUSSIA",20,-,1,0,35,ACRsh,-,WARNING,-,-,ACRsh
669, EAST SIBERIAN SEA,40,-,1,0,40,SOR,-,WARNING,-,-,SOR
670, NEAR N. COAST OF EASTERN SIBERIA,20,-,1,0,35,ACRsh,-,WARNING,-,-,ACRsh
671," EASTERN SIBERIA, RUSSIA",20,c,1,1,35,ACRsh,-,WARNING,-,-,ACRsh
672, CHUKCHI SEA,20,-,0,0,35,ACRsh,-,WARNING,-,-,ACRsh
673, BERING STRAIT,20,-,0,0,35,ACRsh,-,WARNING,-,-,ACRsh
674," ST. LAWRENCE ISLAND, ALASKA REG.",20,-,0,0,35,ACRsh,-,WARNING,-,-,ACRsh
675, BEAUFORT SEA,40,-,1,0,40,SOR,-,WARNING,-,-,SOR
676, NORTHERN ALASKA,20,-,0,0,35,ACRsh,-,WARNING,-,-,ACRsh
677," NORTHERN YUKON TERRITORY, CANADA",20,-,1,0,35,ACRsh,-,WARNING,-,-,ACRsh
678," QUEEN ELIZABETH ISLANDS, CANADA",10,-,0,0,50,SCR,-,WARNING,-,-,SCR
679," NW TERRITORIES - NUNAVUT, CANADA",20,-,1,0,35,ACRsh,-,WARNING,-,-,ACRsh
680, WESTERN GREENLAND,10,-,0,0,50,SCR,-,WARNING,-,-,SCR
681, BAFFIN BAY,20,-,1,0,35,ACRsh,-,WARNING,-,-,ACRsh
682," BAFFIN ISLAND REGION, CANADA",10,-,0,0,50,SCR,-,WARNING,-,-,SCR
683, SOUTHEAST CENTRAL PACIFIC OCEAN,40,-,0,1,40,SOR,-,WARNING,-,-,SOR
684, SOUTHERN EAST PACIFIC RISE,23,-,0,0,55,OBR,-,WARNING,-,-,OBR
685, EASTER ISLAND REGION,23,-,0,1,55,OBR,-,WARNING,-,-,OBR
686, WEST CHILE RISE,23,-,0,0,55,OBR,-,WARNING,-,-,OBR
687, JUAN FERNANDEZ ISLANDS REGION,40,-,0,1,40,SOR,-,WARNING,-,-,SOR
688," EAST OF NORTH ISLAND, N.Z.",30,a,0,0,15,SZInter,70,SZInter,999,SZIntra,-
689," CHATHAM ISLANDS, N.Z. REGION",40,-,0,0,40,SOR,-,WARNING,-,-,SOR
690, SOUTH OF CHATHAM ISLANDS,40,-,0,0,40,SOR,-,WARNING,-,-,SOR
691, PACIFIC-ANTARCTIC RIDGE,23,-,0,1,55,OBR,-,WARNING,-,-,OBR
692, SOUTHERN PACIFIC OCEAN,40,-,0,0,40,SOR,-,WARNING,-,-,SOR
756, SOUTHEAST OF EASTER ISLAND,23,-,0,0,55,OBR,-,WARNING,-,-,OBR
693, EAST CENTRAL PACIFIC OCEAN,40,-,0,0,40,SOR,-,WARNING,-,-,SOR
694, CENTRAL EAST PACIFIC RISE,23,-,0,0,55,OBR,-,WARNING,-,-,OBR
695, WEST OF GALAPAGOS ISLANDS,23,-,0,0,55,OBR,-,WARNING,-,-,OBR
696, GALAPAGOS ISLANDS REGION,23,-,0,0,55,OBR,-,WARNING,-,-,OBR
697," GALAPAGOS ISLANDS, ECUADOR",24,-,0,0,65,HS,-,WARNING,-,-,HS
698, SOUTHWEST OF GALAPAGOS ISLANDS,40,-,0,0,40,SOR,-,WARNING,-,-,SOR
699, SOUTHEAST OF GALAPAGOS ISLANDS,40,-,0,0,40,SOR,-,WARNING,-,-,SOR
757, GALAPAGOS TRIPLE JUNCTION REGION,23,-,0,0,55,OBR,-,WARNING,-,-,OBR
700, SOUTH OF TASMANIA,40,-,1,0,40,SOR,-,WARNING,-,-,SOR
701, WEST OF MACQUARIE ISLAND,23,-,0,0,55,OBR,-,WARNING,-,-,OBR
702, BALLENY ISLANDS REGION,23,-,0,1,55,OBR,-,WARNING,-,-,OBR
703," ANDAMAN ISLANDS, INDIA REGION",30,c,0,0,15,SZInter,70,SZInter,999,SZIntra,-
704," NICOBAR ISLANDS, INDIA REGION",30,a,0,0,15,SZInter,70,SZInter,999,SZIntra,-
705, OFF W COAST OF NORTHERN SUMATERA,30,a,0,0,15,SZInter,70,SZInter,999,SZIntra,-
706," NORTHERN SUMATERA, INDONESIA",33,a,0,0,15,SZInter,70,SZInter,999,SZIntra,-
707, MALAY PENINSULA,20,-,0,0,35,ACRsh,-,WARNING,-,-,ACRsh
708, GULF OF THAILAND,20,-,1,0,35,ACRsh,-,WARNING,-,-,ACRsh
709, SOUTHEASTERN AFGHANISTAN,21,-,0,0,35,ACRsh,85,ACRde,-,WARNING,ACRde
710, PAKISTAN,21,-,1,0,35,ACRsh,85,ACRde,-,WARNING,ACRde
711, SOUTHWESTERN KASHMIR,21,-,1,0,35,ACRsh,85,ACRde,-,WARNING,ACRde
712, INDIA-PAKISTAN BORDER REGION,10,-,0,0,50,SCR,-,WARNING,-,-,SCR
713, CENTRAL KAZAKHSTAN,21,-,1,0,35,ACRsh,85,ACRde,-,WARNING,ACRde
714, SOUTHEASTERN UZBEKISTAN,21,-,1,0,35,ACRsh,85,ACRde,-,WARNING,ACRde
715, TAJIKISTAN,221,-,0,0,35,ACRsh,85,ACRde,999,SZIntra,-
716, KYRGYZSTAN,21,-,0,0,35,ACRsh,85,ACRde,-,WARNING,ACRde
717, AFGHANISTAN-TAJIKISTAN BORD REG.,221,-,0,0,35,ACRsh,85,ACRde,999,SZIntra,-
718," HINDU KUSH REGION, AFGHANISTAN",221,-,0,0,35,ACRsh,85,ACRde,999,SZIntra,-
719, TAJIKISTAN-XINJIANG BORDER REG.,221,-,0,0,35,ACRsh,85,ACRde,999,SZIntra,-
720, NORTHWESTERN KASHMIR,21,-,0,0,35,ACRsh,85,ACRde,-,WARNING,ACRde
721, FINLAND,10,-,0,0,50,SCR,-,WARNING,-,-,SCR
722, NORWAY-RUSSIA BORDER REGION,10,-,0,0,50,SCR,-,WARNING,-,-,SCR
723, FINLAND-RUSSIA BORDER REGION,10,-,0,0,50,SCR,-,WARNING,-,-,SCR
724, BALTIC-BELARUS-NW RUSSIA REG.,10,-,0,0,50,SCR,-,WARNING,-,-,SCR
725," NORTHWESTERN SIBERIA, RUSSIA",10,-,0,0,50,SCR,-,WARNING,-,-,SCR
726," NORTHCENTRAL SIBERIA, RUSSIA",20,-,1,0,35,ACRsh,-,WARNING,-,-,ACRsh
727," VICTORIA LAND, ANTARCTICA",10,-,0,0,50,SCR,-,WARNING,-,-,SCR
728, ROSS SEA,40,-,0,0,40,SOR,-,WARNING,-,-,SOR
729, ANTARCTICA,20,-,1,0,35,ACRsh,-,WARNING,-,-,ACRsh